﻿"BCEID","Stafffullname","Contractions","Stafffirst","Stafflast","Staffemail","Role","Leadership1","Leaderposition1","Leadership2","Leaderposition2","Staffhouse","Stafffratelli"
"06","Byron Bailey","Mr","Byron","Bailey","byron.bailey@bne.catholic.edu.au","Teacher","Pedagogy Companion","Humanities",,,"Luna",
"15","Wade Toms","Mr","Wade","Toms","wtoms@bne.catholic.edu.au","Teacher","House Companion","Ignis - Orange",,,"Ignis","IGN2"
"11","Gareth Whittaker","Mr","Gareth","Whittaker","gwhittaker@bne.catholic.edu.au","Teacher","Pedagogy Companion","Science & Eco Science",,,"Solis",
"25","Michelle Mackellar","Ms","Michelle","Mackellar","mmackellar@bne.catholic.edu.au","Teacher","Teacher","Teacher","Teacher","Teacher","Luna","LUN4"
"20","Lauren Hobson","Mrs","Lauren","Hobson","Lauren.Hobson@bne.catholic.edu.au","Teacher","Teacher","Teacher","Teacher","Teacher","Aqua","AQU1"
"18","Jaye Morrison","Mrs","Jaye","Morrison","Jaye.Morrison@bne.catholic.edu.au","Teacher","Program Leader","Performing Arts",,,"Solis","SOL4"
"09","Madeyn Healy","Ms","Maddy","Healy","madelyn.healy@bne.catholic.edu.au","Teacher","Pedagogy Companion","Languages & The Arts",,,"Ignis","IGN1"
"10","Brad Thompson","Mr","Brad","Thompson","Brad.D.Thompson@bne.catholic.edu.au","Teacher","Pedagogy Companion","HPE & Sport",,,"Ignis",
"17","Suzanne Venema","Mrs","Suzanne","Venema","svenema@bne.catholic.edu.au","Teacher","Life Companion","Year 7 - 9",,,"Aqua",
"19","David Isles","Mr","David","Isles","disles@bne.catholic.edu.au","Teacher","Teacher",,,,"Luna","LUN3"
"29","Gordon Ryan","Mr","Gordon","Ryan","Gordon.Ryan@bne.catholic.edu.au","Teacher","Teacher",,,,"Aqua","AQU2"
"56","Paul Neilsen","Mr","Paul","Neilsen","pneilsen@bne.catholic.edu.au","Teacher","House Companion","Luna - Silver",,,"Luna",
"21","Stephen Hofmeister","Mr","Stephen","Hofmeister","shofmeister@bne.catholic.edu.au","Teacher","Teacher",,,,"Ignis","IGN3"
"32","Beckie Jacobsen","Ms","Beckie","Jacobsen"," beckie.jacobsen@bne.catholic.edu.au","Teacher","Teacher","Teacher","Teacher","Teacher","Luna","LUN1"
"03","Margareta Lemon","Mrs","Margareta","Lemon","mlemon@bne.catholic.edu.au","Teacher","College Leadership Team","Assitant Principal Religion","Pedagogy Companion","Religion","Luna",
"26","Joshua Potter","Mr","Joshua","Potter","joshua.potter@bne.catholic.edu.au","Teacher","Teacher","Teacher","Teacher","Teacher","Solis","SOL2"
"08","Lachlan Frazer","Mr","Lachlan","Frazer","lfrazer@bne.catholic.edu.au","Teacher","Pedagogy Companion","Mathematics & Enhancement",,,"Solis","SOL1"
"28","Kim Roberts","Ms","Kim","Roberts","Kim.A.Roberts@bne.catholic.edu.au","Teacher","Teacher",,,,"Aqua","AQU3"
"13","Bronte Nash","Ms","Bronte","Nash","Bronte.Nash@bne.catholic.edu.au","Teacher","House Companion","Solis - Yellow",,,"Solis",
"59","Victoria Farrell","Ms","Victoria","Farrell","vfarrell@bne.catholic.edu.au","Teacher","Pedagogy Companion","Design",,,"Luna",
"12","Renee Hamilton","Ms","Renee","Hamilton","rhamilton@bne.catholic.edu.au","Teacher","House Companion","Aqua - Blue",,,"Aqua","AQU1"
"31","Jemma Woodrow","Ms","Jemma","Woodrow","jwoodrow@bne.catholic.edu.au","Teacher","Teacher","Teacher","Teacher","Teacher","Aqua","AQU4"
"22","Rebecca Neale","Mrs","Rebecca","Neale","rneale@bne.catholic.edu.au","Teacher","Teacher","Teacher","Teacher","Teacher","Solis","SOL3"
"04","Matthew Hurley","Mr","Matthew","Hurley","matthew.hurley@marymount.qld.edu.au","Teacher","College Leadership Team","Assitant Principal Engagement",,,"Solis",
"02","Brendan Luxton","Mr","Brendan","Luxton","bluxton@bne.catholic.edu.au","Teacher","College Leadership Team","Deputy Principal",,,"Aqua",
"33","Megan Campbell","Mrs","Megan","Campbell","CampbeM@mmc.qld.edu.au","Teacher","Teacher","Teacher","Teacher","Teacher","Ignis",
"23","Jessica King","Ms","Jess","King","jessica.earle@bne.catholic.edu.au","Teacher","Support Teacher","Support Teacher Inclusive Education",,,"Luna","LUN2"
"27","Kristy Robberts","Mrs","Kristy","Robberts","krobberts@bne.catholic.edu.au","Teacher","Teacher",,,,,"IGN2"
"P","Narelle Dobson","Mrs","Narelle","Dobson","Narelle.Dobson@bne.catholic.edu.au","Teacher","College Leadership Team","Principal",,,,
"57","Ann Joseph","Mrs","Ann","Joseph","Ann.Joseph@bne.catholic.edu.au","Teacher","Teacher",,,,,
"58","Danika Colquhoun","Mrs","Danika","Colquhoun","dcolquhoun@bne.catholic.edu.au","Teacher","Teacher",,,,"Ignis",
"100","Relief",,"Relief","Teacher","tsargent@bne.catholic.edu.au",,,,,,,
"60","Troy Edwards","Mr","Troy","Edwards","Troy.Edwards@bne.catholic.edu.au","Teacher","Pedagogy Companinon ","English",,,,
"61","Ellen Hendry","Mrs","Ellen","Hendry","ekutemann@bne.catholic.edu.au","Teacher","Life Companion","Year 10 - 12",,,"Solis",
"62","Andrew Ryan","Mr","Andrew","Ryan","andrew.ryan@bne.catholic.edu.au","Teacher",,,,,"Aqua","AQU5"
"63","Harriet Hooper","Ms","Harriet","Hooper","harriet.hooper@bne.catholic.edu.au","Teacher",,,,,"Ignis","IGN1"
"64","Peter Kemp","Mr","Peter","Kemp","peter.kemp@bne.catholic.edu.au","Teacher",,,,,"Ignis","IGN3"
"65","Logan Koina","Mr","Logan","Koina","lkoina@bne.catholic.edu.au","Teacher",,,,,"Ignis","IGN5"
"66","Sanjiwan Sahai","Mr","Sanjiwan","Sahai","sanjiwan.sahai@bne.catholic.edu.au","Teacher",,,,,"Luna","LUN1"
"67","Charles Brunello","Mr","Charles","Brunello","cbrunello@bne.catholic.edu.au","Teacher",,,,,"Luna","LUN5"
"68","Kevin Moriarty","Mr","Kevin","Moriarty","kmoriarty@bne.catholic.edu.au","Teacher",,,,,"Solis","SOL5"
"69","Samantha Langatuki","Mrs","Samantha","Langatuki","slangatuki@bne.catholic.edu.au","Teacher","Pedagogy Companion","Technologies",,,"Luna",
